ano,pct_alfabetizados,n_municipios,n_atingiram_meta,n_avaliados,meta_pct_brasil,gap_meta_brasil,delta_pp_ano_anterior
2021,50.6,81,39,30831,60.0,-9.402839506172839,
2022,57.79,81,36,35071,70.0,-12.208888888888893,7.189999999999998
2023,69.82,81,38,34519,80.0,-10.17864197530865,12.029999999999994
